Id_user,users_name,Identification_Number,Address,Phone,Email
1,Angel Daniel,149186540,USNS DavisFPO AP 78518,(873)222-2692x09480,rmiller@boyer.com
2,Matthew Wilson,475925688,42023 Barrett Path Suite 281Jeremyborough, OH 72889,(264)225-7425
3,Jennifer Phelps,112231541,392 Smith Corners Apt. 737East Angeltown, MO 64086,248.695.2117
4,Jonathan Cook,708283326,657 Landry Way Suite 966Robinsonfurt, CA 22461,0756633727
5,Lindsay Garcia,959234562,906 Justin Locks Apt. 838Port Timothyview, AR 68865,001-158-358-0277
6,Eric Klein,243553915,0571 Carroll CliffsDavisstad, WI 00721,9179003714
7,Ashley Adams,7005498,660 Marcus Camp Suite 262Port Stevenmouth, NC 10819,(224)273-1751x2329
8,Meghan Nguyen,724330039,259 Jared ManorBrownville, AZ 52844,767.278.8207
9,Ryan Richards,643387222,695 Francis Cliffs Port Bryantown, VT 33873,001-398-345-1521x215
10,Janice Alexander,215716832,81268 Hamilton FortFitzgeraldfort, ID 71489,+1-411-073-0697x704
11,Katherine Dunn,92651576,837 Schneider Spur Suite 656Darrellmouth, WI 33323,6081126986
12,Brett Odom,724488250,952 Barbara TurnpikeJacquelinebury, MO 71346,550.725.0901
13,Jenna Scott,265881315,Unit 1694 Box 1865DPO AE 26667,404-358-1223x371,rogerseric@hotmail.com
14,Andrew Johns,401149568,62457 Booth Mews Apt. 453Lake Vincentport, DE 49208,894-499-5852x2479
15,Christine Curtis,778029406,2480 Jesse Unions Suite 534East Antonioshire, MS 71510,554.861.0493x592
16,Madison Jones,307805784,USNS FergusonFPO AP 50263,149.766.5747,wattsdavid@morgan-wheeler.com
17,Tracy Simmons,484837788,76775 Jennifer Orchard Apt. 758Port Lance, NH 53890,0383343588
18,Shelby Wolf,962795476,613 Billy Radial Suite 171South Benjamin, WY 15230,7506854443
19,Kyle Jackson,965030358,24896 Helen Rapid Suite 758New Joseph, MN 97017,001-392-237-6541x8420
20,Linda Shepard,644042817,4947 Reynolds IslandsKathleenburgh, DE 96988,2931087130
21,Kathleen Brady,689720635,Unit 6453 Box 5308DPO AA 48049,2253893664,victoria31@gmail.com
22,Bobby Luna,800125157,2923 Michael Fords Suite 316Dustinton, IN 31032,001-549-919-1859
23,Richard Lopez,268619593,6875 Hill ForksTeresaland, AL 58910,+1-418-560-8033x44588
24,Ralph Bush,625774276,03975 Mills Square Apt. 322Port Claudia, MI 34792,+1-866-778-9252x6524
25,David Webb,569906245,3613 Laura Ridges Suite 762South Theresa, VA 98493,993.305.1410
26,Kim Russell,328037408,887 Kelley Walk Apt. 960East Martha, CT 59649,001-136-251-3102x24346
27,Michael Holt,969677194,3499 David Lake Suite 745South Dylan, AK 03041,882-041-3572
28,Mr. Justin Cook,796337665,Unit 9907 Box 4757DPO AE 46640,737.675.5823,ofritz@richards.com
29,Timothy Wood,636808209,836 Bates PointsPort Andrewshire, GA 83721,001-948-037-6474
30,Yolanda Hines,975617669,812 Mccarthy Viaduct Apt. 376Kristinamouth, AL 43563,(659)333-4905
31,Jasmine Kelly,569390187,697 Reynolds Dam Apt. 423Jacobland, MO 89387,843-277-1394
32,Robert Smith,325459789,Unit 2774 Box 4368DPO AE 01041,001-595-596-1706x9253,smithtimothy@wallace.com
33,Jonathan Smith,325603096,322 Smith Pines Suite 052Lake Scotthaven, NM 11543,796.397.5185x7448
34,Erin Marshall,819212515,04382 Edward Mountains Suite 369Georgeberg, ME 94518,793.145.6997x893
35,Mark Ford,444056964,07900 Friedman Ferry Suite 170South Christina, WV 53142,+1-407-009-2402
36,Cynthia Lee,717643055,368 Jones Estates Apt. 059Jonesstad, NY 59968,+1-822-188-2029x6929
37,Sean Hood,30122773,7426 Middleton Hill Suite 303Millerview, CO 23232,+1-348-069-6954x792
38,Kim Stephens,622536043,12967 Ryan Shoals Apt. 994Port Jesse, MO 86007,(092)586-3570x54204
39,Adam Mckinney,747822485,572 Tammy ForestYoungside, SD 92567,813.559.4153x962
40,Valerie Brown,857630459,2739 Hood Rest Apt. 962Johnburgh, UT 27169,869.591.7228
41,Jason Pace,204909440,19964 Edwards PinesSouth Jeremystad, AZ 79080,001-517-371-6236x2223
42,Gregory Anderson,241114561,5395 Brandon Freeway Apt. 858North Melissa, OR 60184,+1-282-173-3048x555
43,Rebecca Avila,494808313,78969 Mcguire Springs Suite 562Port Christopher, NJ 29478,773.248.1617
44,Morgan Leon,315164793,853 Virginia Cape Suite 757Wilsonport, SC 89614,001-853-081-5933x565
45,Fernando Hunt,505327194,9609 Conner Track Apt. 859Kristenberg, MD 40765,5863279231
46,Jason Luna,892962448,204 Laura HillCraigland, OK 08760,600.123.2569x570
47,Gregory Howell,394523505,036 Tyler Groves Suite 302Danielsfurt, WV 45483,213-496-7129x11054
48,Miguel Sharp MD,763963140,47921 Johnson Expressway Suite 742Oliviaport, PA 16931,001-600-899-5324
49,Stephanie Acosta,594590875,7067 Henderson KnollJoshuashire, NJ 84213,001-365-629-8075x05840
50,Julia Davis,25832528,0246 Brown Roads Suite 606North Luisburgh, WI 38462,674-440-7862
51,Amy Woods,97866586,247 Sheila CentersNorth Troybury, WA 43836,2338512573
52,Julie Dunn,79987146,758 Ruth MallBriggstown, MA 48538,883-656-1878x6532
53,Nicole Mcdonald,520620439,7229 Michelle Forges Suite 411Hardyview, VT 06858,+1-692-758-5774x3951
54,Jennifer Mendoza,260613460,11916 Katherine CreekKathleenport, ND 68479,203-605-2009x1103
55,Rachel Fisher,511962082,38507 Newman Loop Suite 268Tommyberg, UT 25108,650-424-8808
56,Jorge Thomas,527088924,013 Tabitha CliffStevenmouth, NJ 04089,921-668-1704x3013
57,Robert Hicks,181982363,1639 Delacruz ParkEast Linda, DC 18242,(335)290-8992
58,Terry Watson,87147005,0047 Lori SquareEast Josechester, KS 29146,(426)053-2668
59,Carlos Wood,623072602,53828 Laura SpursLauraville, DE 53316,440-516-4972x0722
60,Richard Weiss,729577216,316 Robert DamNorth Christina, MA 15552,521-212-3209x2220
61,Sarah Clark,696739719,04967 Nguyen Circle Suite 871Lake Andrea, NY 87021,853.981.8171
62,Briana Wu,520971718,534 Campbell ViewSandersland, FL 59798,(177)732-3856x95766
63,Raven Jordan,785949232,6132 Spencer Corner Apt. 383Lake Loriberg, MA 96874,001-870-036-3211
64,Angelica Gibbs,519768710,68574 Coleman Villages Suite 522North Erikaton, CA 83413,+1-378-867-9488x99135
65,Tammy Jacobs,64271785,57458 Collier Junctions Suite 288Lake Nicholas, CT 00530,227.597.0062
66,Michael Evans,357901640,921 Ramirez MountNew Anthonyville, ND 52047,6777129275
67,Tony Pham,830210363,Unit 3715 Box 5620DPO AA 18266,001-094-782-5703,kendrapena@yahoo.com
68,Miss Carrie Underwood,696962875,USNV MorrisFPO AA 49085,0792914312,amy45@hotmail.com
69,Ryan Russell,896950954,70003 Tiffany DrivesRobertchester, IA 05998,001-266-212-7928x22281
70,Kimberly Bennett,196811583,70851 Daniel Station Apt. 975Hernandezton, IL 77476,(083)724-9058x016
71,Joshua Neal,893866597,1324 William GlensNew Jenniferland, IL 16679,001-256-341-5493x0374
72,Robert Rodriguez,291010345,9483 Patricia Greens Suite 612West Daniel, CT 37484,562-175-6225x4306
73,Blake Ford,915064128,933 Casey Court Apt. 193Lake Douglas, AL 33325,276-740-5323x764
74,Chad Garcia,11426912,195 Rollins Land Suite 478North Angelastad, IN 84674,(530)211-7419
75,Autumn Webb,174039328,198 Frazier Branch Suite 399South Sharon, AR 75490,907-357-6151x4325
76,Elizabeth Singleton,565067343,87020 Horton ValleysRodriguezfurt, WV 03348,173.672.3805
77,Sarah Thompson,333387701,Unit 0218 Box 2805DPO AA 08015,+1-444-121-3206x307,williamchavez@yahoo.com
78,Sarah Martin,355405632,5963 Strong PointsLake Kayla, SC 51830,406-810-6283
79,Pamela Herrera,71585472,3416 Gregory Rapids Suite 629North Nicolehaven, IL 93329,539.557.9029
80,Shannon Horn,708960117,USNS BuchananFPO AA 82885,(297)388-2854,brian88@pitts-bush.com
81,Christopher Edwards,626043010,32230 Jeffery Via Apt. 616West Tanya, WA 77567,(204)535-1285x920
82,Brandon Hester,326481119,0169 Summers VistaWest Stuart, UT 98685,836.687.2362x166
83,Mariah Jackson,599800533,558 Bryan IsleNew Raymond, AL 55316,(382)120-4674
84,Carol Lawson,492953650,747 Miller PointGeorgeton, UT 90920,783.291.2840
85,Heather Collins,573712035,7878 Nelson StravenueNew Jacob, NE 62801,+1-960-564-8502x177
86,Joshua Delgado,56103750,741 Morgan UnderpassSouth Sheila, IL 16740,101-802-6501x00181
87,Jerry Greene,867865303,60823 Lauren Wall Apt. 074New Kellyside, MI 21097,(703)649-5080x4789
88,Connor Wagner,355813998,506 Brandy RapidDawsonberg, RI 42470,0195959907
89,Marcia Randolph,118434130,327 Roberts NeckGonzalezshire, WA 18952,508.559.9292
90,John Price,779362405,PSC 5622, Box 3709APO AA 38900,546-202-9331x88558
91,Bill Hopkins,499561637,54675 Matthew KeyTorresstad, ME 64087,288-662-8572
92,Ryan Harrison,179287266,66252 Trevor Harbor Apt. 887Lake Ambertown, TN 81820,001-320-723-6362x5909
93,Donald Young,667230218,223 Dawson Mall Suite 571Smithburgh, MS 75952,929-112-6985x483
94,Louis Gilbert,311310607,530 Brown CornerThompsontown, WV 70738,461.203.7672x451
95,Marcus Martin,319413369,PSC 6227, Box 1600APO AP 14578,+1-071-678-3536x79738
96,Sharon Ingram,861461933,132 Vargas TurnpikeDanielbury, DE 40715,270.214.8473x8548
97,Kyle Martinez,61660425,USS GreeneFPO AA 26511,676-110-6562x32575,haleronald@vargas-hernandez.info
98,Elizabeth Rodriguez,603449840,3551 Rodriguez Port Apt. 808Lake Charles, WI 24322,(677)161-5260x6354
99,Christopher Gomez,917844640,875 Jennifer Oval Suite 067West Phillipmouth, IL 91337,001-066-886-7181x1777
100,Brian Morton,843106189,431 Rodriguez Estate Suite 894New Christopherview, TN 74616,+1-352-961-6835x0739